Aiden;Lopez;121 Palm Street, Springfield
Aiden;Scott;333 Summit Avenue, Springfield
Amelia;Mitchell;666 Alder Street, Springfield
Amelia;Young;222 Ridge Street, Springfield
Anna;White;505 Ash Road, Springfield
Ava;Gonzalez;666 Kiwi Road, Springfield
Benjamin;Green;555 Hickory Lane, Springfield
Benjamin;Moore;111 Valley Lane, Springfield
Charlotte;Mitchell;909 Hill Road, Springfield
Charlotte;Walker;888 Juniper Road, Springfield
Chris;Wilson;202 Birch Street, Springfield
Daniel;Young;111 Spruce Lane, Springfield
David;Clark;606 Cherry Lane, Springfield
David;Thomas;111 Terrace Avenue, Springfield
Ella;Collins;343 Lowland Road, Springfield
Ella;Thomas;222 Coconut Road, Springfield
Emily;Davis;101 Cedar Lane, Springfield
Emily;Evans;999 Berry Avenue, Springfield
Emily;Roberts;676 Canyon Avenue, Springfield
Ethan;Baker;808 Poplar Avenue, Springfield
Ethan;Lee;444 Fig Street, Springfield
Grace;Hall;333 Grove Lane, Springfield
Grace;Wood;343 Peach Road, Springfield
Henry;Mitchell;888 Overlook Road, Springfield
Henry;White;454 Plum Lane, Springfield
Isabella;Baker;303 Avocado Street, Springfield
Isabella;King;444 Magnolia Road, Springfield
Jack;Gonzalez;898 Cliff Lane, Springfield
Jack;Roberts;999 Redwood Lane, Springfield
Jack;White;444 Crest Road, Springfield
Jacob;Davis;555 Grape Avenue, Springfield
James;Miller;404 Elm Street, Springfield
James;Mitchell;666 Estate Road, Springfield
James;Walker;808 Lake Avenue, Springfield
Jackson;Miller;777 Mango Lane, Springfield
Leah;Young;909 Orange Street, Springfield
Liam;Hall;101 Papaya Road, Springfield
Liam;Harris;565 Apple Street, Springfield
Liam;Walker;121 Scenic Street, Springfield
Lucas;Evans;565 Prairie Street, Springfield
Lucas;Moore;333 Date Lane, Springfield
Lucas;Scott;333 Cypress Avenue, Springfield
Matthew;Johnson;606 Brook Lane, Springfield
Matthew;Wood;454 Plains Lane, Springfield
Max;Adams;111 Banana Avenue, Springfield
Mia;Adams;222 Fir Street, Springfield
Mia;Baker;787 Foothill Road, Springfield
Mia;King;202 Guava Lane, Springfield
Nolan;White;404 Pinecrest Avenue, Springfield
Nolan;Young;909 Bluff Street, Springfield
Olivia;Collins;707 River Street, Springfield
Olivia;Evans;909 Willow Road, Springfield
Olivia;King;999 Panorama Lane, Springfield
Samuel;Johnson;898 Lime Lane, Springfield
Sarah;Lee;303 Walnut Avenue, Springfield
Sophia;Baker;676 Pear Avenue, Springfield
Sophia;Davis;555 Vineyard Avenue, Springfield
Sophia;Green;777 Outlook Avenue, Springfield
Sophia;Hall;707 Chestnut Street, Springfield
Sophie;Lee;222 Knoll Road, Springfield
Sophie;Roberts;888 Melon Street, Springfield
William;Carter;777 Sycamore Avenue, Springfield
Zoe;Collins;232 Olive Avenue, Springfield
Zoe;Lopez;232 Highland Avenue, Springfield
Zoe;Walker;444 Orchard Street, Springfield
